Date,sentiment_news,sentiment_reddit
2008-08-08,0.31341097,0.48755616
2008-08-11,0.54828507,0.30786029
2008-08-12,0.6493148,0.62909204
2008-08-13,0.52394426,0.48929715
2008-08-14,0.395774,0.4963962
2008-08-15,0.38555887,0.5102314
2008-08-18,0.6775045,0.6438293
2008-08-19,0.46341163,0.42292538
2008-08-20,0.7196027,0.47907975
2008-08-21,0.4696765,0.50422215
2008-08-22,0.63040924,0.42063248
2008-08-25,0.6854737,0.5757731
2008-08-26,0.6389796,0.43582413
2008-08-27,0.7665682,0.5557021
2008-08-28,0.7127599,0.30519548
2008-08-29,0.2554536,0.42376167
2008-09-02,0.34099925,0.27755025
2008-09-03,0.70195603,0.3106555
2008-09-04,0.647709,0.38336927
2008-09-05,0.73776317,0.6151237
2008-09-08,0.7069982,0.46830338
2008-09-09,0.69968164,0.52977836
2008-09-10,0.6814274,0.57802874
2008-09-11,0.27071077,0.4352828
2008-09-12,0.4116036,0.46807966
2008-09-15,0.63293386,0.45877716
2008-09-16,0.5327766,0.3884178
2008-09-17,0.23819804,0.4308289
2008-09-18,0.24407893,0.26384118
2008-09-19,0.52061313,0.49241623
2008-09-22,0.24186522,0.35012668
2008-09-23,0.62994516,0.53295785
2008-09-24,0.26955327,0.48370945
2008-09-25,0.6173906,0.4316653
2008-09-26,0.6863453,0.44507304
2008-09-29,0.41902247,0.42833692
2008-09-30,0.69882417,0.47001144
2008-10-01,0.33390704,0.43136626
2008-10-02,0.81144863,0.59173024
2008-10-03,0.7752553,0.58754086
2008-10-06,0.39874813,0.38927826
2008-10-07,0.055139296,0.43807256
2008-10-08,0.6346439,0.5084067
2008-10-09,0.6831957,0.49793568
2008-10-10,0.26907697,0.4451997
2008-10-13,0.65832263,0.22508389
2008-10-14,0.5141211,0.5236475
2008-10-15,0.65075505,0.47505295
2008-10-16,0.73776054,0.5239388
2008-10-17,0.5131925,0.3236743
2008-10-20,0.84460306,0.5042497
2008-10-21,0.6684443,0.5501789
2008-10-22,0.5058634,0.3797969
2008-10-23,0.5349502,0.49570817
2008-10-24,0.1324317,0.33839107
2008-10-27,0.5865502,0.5498465
2008-10-28,0.37750745,0.4574208
2008-10-29,0.24091697,0.47205982
2008-10-30,0.47070748,0.37310874
2008-10-31,0.25267884,0.47816727
2008-11-03,0.45648062,0.4609303
2008-11-04,0.3993547,0.29539758
2008-11-05,0.21904135,0.37287837
2008-11-06,0.6787794,0.40073982
2008-11-07,0.5664298,0.46022412
2008-11-10,0.748916,0.52586526
2008-11-11,0.25423622,0.49543002
2008-11-12,0.1865263,0.42911747
2008-11-13,0.12606962,0.454036
2008-11-14,0.44484404,0.51841146
2008-11-17,0.78428566,0.516751
2008-11-18,0.56809187,0.57580966
2008-11-19,0.4155359,0.33118907
2008-11-20,0.6011262,0.4308079
2008-11-21,0.42280397,0.4367856
2008-11-24,0.42424327,0.42688277
2008-11-25,0.47119138,0.5840623
2008-11-26,0.82036513,0.49521524
2008-11-28,0.6953806,0.5902919
2008-12-01,0.42395377,0.5035523
2008-12-02,0.712118,0.54920787
2008-12-03,0.60931146,0.6267575
2008-12-04,0.4233261,0.55190593
2008-12-05,0.55633837,0.466877
2008-12-08,0.54182214,0.525667
2008-12-09,0.1259832,0.36099505
2008-12-10,0.74874115,0.49785993
2008-12-11,0.44723818,0.48133874
2008-12-12,0.43932542,0.45215598
2008-12-15,0.70341986,0.6562895
2008-12-16,0.8339915,0.41567582
2008-12-17,0.44630307,0.45770016
2008-12-18,0.3810919,0.5136891
2008-12-19,0.08960723,0.49033874
2008-12-22,0.2783308,0.40539485
2008-12-23,0.17292748,0.32462206
2008-12-24,0.7320036,0.4610251
2008-12-26,0.4861608,0.58758616
2008-12-29,0.47702125,0.52592903
2008-12-30,0.5829333,0.57149655
2008-12-31,0.70972043,0.5022452
2009-01-02,0.4896157,0.56668997
2009-01-05,0.2687999,0.3795358
2009-01-06,0.1354089,0.47508836
2009-01-07,0.3701286,0.42033902
2009-01-08,0.22844283,0.4857827
2009-01-09,0.75793487,0.55763835
2009-01-12,0.5978404,0.55197376
2009-01-13,0.70777345,0.4723827
2009-01-14,0.2029433,0.398483
2009-01-15,0.6551942,0.5458109
2009-01-16,0.3675377,0.4318976
2009-01-20,0.52010816,0.5217883
2009-01-21,0.7245374,0.5424506
2009-01-22,0.7031449,0.5362162
2009-01-23,0.3302445,0.37907514
2009-01-26,0.50221634,0.48203743
2009-01-27,0.2418482,0.36558354
2009-01-28,0.13421011,0.3670371
2009-01-29,0.70365006,0.5269369
2009-01-30,0.54778284,0.53217775
2009-02-02,0.39064187,0.42874718
2009-02-03,0.66462135,0.4685775
2009-02-04,0.6730033,0.5012757
2009-02-05,0.4786321,0.42588764
2009-02-06,0.4247262,0.44924882
2009-02-09,0.65716034,0.5852148
2009-02-10,0.53743595,0.52799535
2009-02-11,0.12626381,0.34405762
2009-02-12,0.5639985,0.54355395
2009-02-13,0.7270783,0.50754035
2009-02-17,0.56362677,0.49002746
2009-02-18,0.5849377,0.5878729
2009-02-19,0.373332,0.34601045
2009-02-20,0.4057936,0.47913495
2009-02-23,0.389048,0.34868115
2009-02-24,0.4872784,0.4922498
2009-02-25,0.45403087,0.508354
2009-02-26,0.68032867,0.46163154
2009-02-27,0.46425122,0.49527156
2009-03-02,0.76323867,0.4415978
2009-03-03,0.7431203,0.6077213
2009-03-04,0.06718742,0.4776138
2009-03-05,0.20770773,0.2933973
2009-03-06,0.6672429,0.383811
2009-03-09,0.67009014,0.53091615
2009-03-10,0.5273232,0.48027518
2009-03-11,0.51849115,0.5476247
2009-03-12,0.64408517,0.5673673
2009-03-13,0.6202693,0.494642
2009-03-16,0.34765518,0.33949193
2009-03-17,0.59915054,0.47449052
2009-03-18,0.40332726,0.5857529
2009-03-19,0.7326027,0.57411253
2009-03-20,0.37510994,0.47998866
2009-03-23,0.6217283,0.524257
2009-03-24,0.37000576,0.4286161
2009-03-25,0.18393071,0.42275536
2009-03-26,0.25875533,0.44879115
2009-03-27,0.57192755,0.37284076
2009-03-30,0.6607486,0.59176946
2009-03-31,0.53877497,0.62424576
2009-04-01,0.6222334,0.56669164
2009-04-02,0.3423984,0.41093597
2009-04-03,0.34559882,0.59326494
2009-04-06,0.22102788,0.43944737
2009-04-07,0.18952058,0.5190306
2009-04-08,0.63140744,0.3736369
2009-04-09,0.3215342,0.49183837
2009-04-13,0.5344226,0.5001396
2009-04-14,0.63628775,0.46909603
2009-04-15,0.2997308,0.54375476
2009-04-16,0.49070856,0.5016766
2009-04-17,0.78222764,0.4160429
2009-04-20,0.2870686,0.4471512
2009-04-21,0.6130432,0.5635701
2009-04-22,0.8020052,0.6030442
2009-04-23,0.6664846,0.3826415
2009-04-24,0.59714806,0.47981966
2009-04-27,0.6630405,0.53070116
2009-04-28,0.15408449,0.48725042
2009-04-29,0.56960726,0.62555665
2009-04-30,0.21434355,0.41155937
2009-05-01,0.7359338,0.4406785
2009-05-04,0.5270163,0.4333293
2009-05-05,0.3836521,0.42828065
2009-05-06,0.57391584,0.4858848
2009-05-07,0.5749896,0.3639629
2009-05-08,0.6715862,0.47710764
2009-05-11,0.60113025,0.467996
2009-05-12,0.7265221,0.354449
2009-05-13,0.42007744,0.56796587
2009-05-14,0.39465225,0.43327513
2009-05-15,0.3762812,0.5221611
2009-05-18,0.444761,0.47445348
2009-05-19,0.31325072,0.31578246
2009-05-20,0.08600666,0.21195254
2009-05-21,0.5180166,0.37803352
2009-05-22,0.31561723,0.51578546
2009-05-26,0.49322897,0.38515756
2009-05-27,0.5605323,0.4339237
2009-05-28,0.6996156,0.4092448
2009-05-29,0.24106193,0.4328307
2009-06-01,0.76219964,0.476344
2009-06-02,0.78264296,0.5387081
2009-06-03,0.417803,0.45682266
2009-06-04,0.6498976,0.5740069
2009-06-05,0.47634435,0.43375668
2009-06-08,0.484279,0.39169464
2009-06-09,0.27163908,0.47022352
2009-06-10,0.78578585,0.5400104
2009-06-11,0.4354971,0.5016782
2009-06-12,0.62606007,0.5040926
2009-06-15,0.5111739,0.5227329
2009-06-16,0.53569025,0.53245395
2009-06-17,0.72166866,0.556845
2009-06-18,0.28881302,0.52865386
2009-06-19,0.7529423,0.45859215
2009-06-22,0.40892637,0.57801646
2009-06-23,0.43771425,0.49157107
2009-06-24,0.4012874,0.4379576
2009-06-25,0.8018053,0.54905975
2009-06-26,0.67553604,0.57220626
2009-06-29,0.32736,0.48204604
2009-06-30,0.53989,0.42408606
2009-07-01,0.49842027,0.5447967
2009-07-02,0.54204893,0.5360153
2009-07-06,0.5116814,0.47929776
2009-07-07,0.31223792,0.5436377
2009-07-08,0.27529922,0.45700836
2009-07-09,0.5501198,0.6212264
2009-07-10,0.4849422,0.5228168
2009-07-13,0.4000717,0.58799905
2009-07-14,0.5771001,0.4510368
2009-07-15,0.6673766,0.4085165
2009-07-16,0.5351896,0.541733
2009-07-17,0.42223465,0.50638556
2009-07-20,0.31954926,0.43780342
2009-07-21,0.3681884,0.43133685
2009-07-22,0.25962442,0.5331731
2009-07-23,0.325232,0.52643144
2009-07-24,0.42008603,0.54186517
2009-07-27,0.49383673,0.45046607
2009-07-28,0.4613799,0.44035935
2009-07-29,0.08817228,0.32218948
2009-07-30,0.24900937,0.43890813
2009-07-31,0.4571057,0.4296914
2009-08-03,0.4139785,0.45800576
2009-08-04,0.60176677,0.42471206
2009-08-05,0.23653267,0.4352326
2009-08-06,0.5267808,0.4934593
2009-08-07,0.47571164,0.3980353
2009-08-10,0.37646544,0.44274867
2009-08-11,0.45817453,0.2827907
2009-08-12,0.64936566,0.34124634
2009-08-13,0.4202977,0.4295323
2009-08-14,0.6162624,0.4319917
2009-08-17,0.46397868,0.5296106
2009-08-18,0.41010645,0.41904503
2009-08-19,0.70728636,0.539681
2009-08-20,0.6812995,0.6034143
2009-08-21,0.14175022,0.44102317
2009-08-24,0.5961703,0.46643165
2009-08-25,0.7723395,0.482142
2009-08-26,0.4949525,0.48951676
2009-08-27,0.4154417,0.44549865
2009-08-28,0.13010032,0.44107342
2009-08-31,0.41938716,0.5676201
2009-09-01,0.5739443,0.47972524
2009-09-02,0.83100325,0.45689002
2009-09-03,0.20569056,0.24005555
2009-09-04,0.60524225,0.38419834
2009-09-08,0.65239584,0.27374154
2009-09-09,0.70479935,0.51945585
2009-09-10,0.7934157,0.47800142
2009-09-11,0.50887734,0.44392842
2009-09-14,0.768558,0.39535055
2009-09-15,0.38098046,0.40803587
2009-09-16,0.5662591,0.40516746
2009-09-17,0.73524135,0.44992214
2009-09-18,0.184923,0.43638
2009-09-21,0.5040778,0.55346096
2009-09-22,0.6446666,0.5006174
2009-09-23,0.28263894,0.36478737
2009-09-24,0.52401954,0.46942523
2009-09-25,0.7268286,0.4353455
2009-09-28,0.2199595,0.35477218
2009-09-29,0.23937362,0.42359248
2009-09-30,0.64772177,0.39770126
2009-10-01,0.67227596,0.48031005
2009-10-02,0.31975174,0.4852852
2009-10-05,0.4160617,0.2730428
2009-10-06,0.8374389,0.48566446
2009-10-07,0.12795718,0.30813873
2009-10-08,0.43531364,0.2437415
2009-10-09,0.33398932,0.46773124
2009-10-12,0.5970638,0.4389323
2009-10-13,0.4536927,0.42233485
2009-10-14,0.3318797,0.50306207
2009-10-15,0.1801203,0.32352325
2009-10-16,0.47343585,0.4911494
2009-10-19,0.43900496,0.45185596
2009-10-20,0.8099454,0.40484208
2009-10-21,0.7002057,0.3664507
2009-10-22,0.63784564,0.42953923
2009-10-23,0.27176082,0.38996038
2009-10-26,0.28000194,0.44772553
2009-10-27,0.7234239,0.51379025
2009-10-28,0.5844462,0.51208746
2009-10-29,0.60061574,0.42228806
2009-10-30,0.10735673,0.40646398
2009-11-02,0.5127934,0.4519693
2009-11-03,0.7570219,0.4794286
2009-11-04,0.7979255,0.45796636
2009-11-05,0.35905752,0.41658127
2009-11-06,0.4882594,0.36073944
2009-11-09,0.42656252,0.4433684
2009-11-10,0.48747075,0.4054992
2009-11-11,0.45086783,0.4012421
2009-11-12,0.27787542,0.5060167
2009-11-13,0.35178608,0.4477389
2009-11-16,0.34029242,0.59639853
2009-11-17,0.528979,0.42738694
2009-11-18,0.61017257,0.6210659
2009-11-19,0.3351673,0.56852204
2009-11-20,0.74571717,0.50078917
2009-11-23,0.18715398,0.44082728
2009-11-24,0.5740411,0.5052665
2009-11-25,0.63532495,0.48217976
2009-11-27,0.45945376,0.44524196
2009-11-30,0.22474699,0.35470268
2009-12-01,0.3125754,0.31047305
2009-12-02,0.5059944,0.39534968
2009-12-03,0.730417,0.46709263
2009-12-04,0.4265055,0.50362724
2009-12-07,0.7235738,0.5358468
2009-12-08,0.59659386,0.5170993
2009-12-09,0.8190595,0.51557654
2009-12-10,0.09037328,0.36246872
2009-12-11,0.65519863,0.58109987
2009-12-14,0.4416571,0.44299844
2009-12-15,0.37865415,0.39465523
2009-12-16,0.47687042,0.26261798
2009-12-17,0.361266,0.5352194
2009-12-18,0.656791,0.44506234
2009-12-21,0.78408104,0.43758708
2009-12-22,0.39241982,0.46671578
2009-12-23,0.68851095,0.4714432
2009-12-24,0.7456657,0.47483802
2009-12-28,0.71298623,0.40254593
2009-12-29,0.6290394,0.5882275
2009-12-30,0.19988832,0.49723488
2009-12-31,0.31965148,0.43049502
2010-01-04,0.24405368,0.37430492
2010-01-05,0.56741315,0.45956406
2010-01-06,0.5575281,0.4114832
2010-01-07,0.6039096,0.35023063
2010-01-08,0.45932144,0.4270831
2010-01-11,0.37047437,0.523271
2010-01-12,0.6754498,0.5110565
2010-01-13,0.43560433,0.5662868
2010-01-14,0.5044497,0.51758826
2010-01-15,0.76982474,0.36280468
2010-01-19,0.61825883,0.42198232
2010-01-20,0.5791688,0.34914547
2010-01-21,0.14673121,0.34325078
2010-01-22,0.30788276,0.25686422
2010-01-25,0.39465842,0.5434165
2010-01-26,0.75888383,0.5199077
2010-01-27,0.56264627,0.66677374
2010-01-28,0.58631974,0.39841992
2010-01-29,0.4089047,0.38047305
2010-02-01,0.48549968,0.5211393
2010-02-02,0.12647443,0.38359115
2010-02-03,0.7280579,0.4388491
2010-02-04,0.5125803,0.44328046
2010-02-05,0.7882169,0.47724617
2010-02-08,0.38248542,0.42000103
2010-02-09,0.5631106,0.44868058
2010-02-10,0.68814313,0.46247825
2010-02-11,0.46060884,0.35694793
2010-02-12,0.7706098,0.41383904
2010-02-16,0.38242123,0.52310556
2010-02-17,0.4955623,0.52247393
2010-02-18,0.40226936,0.41948277
2010-02-19,0.36864957,0.5000736
2010-02-22,0.59672403,0.502449
2010-02-23,0.4811241,0.42085016
2010-02-24,0.25374714,0.41068906
2010-02-25,0.74888396,0.5686806
2010-02-26,0.8012095,0.60268724
2010-03-01,0.2782355,0.44615564
2010-03-02,0.6617335,0.5327053
2010-03-03,0.43153834,0.4338168
2010-03-04,0.16228287,0.38068503
2010-03-05,0.84747154,0.51588446
2010-03-08,0.47551233,0.42011124
2010-03-09,0.5939401,0.43007973
2010-03-10,0.6692232,0.42262164
2010-03-11,0.07542795,0.37859574
2010-03-12,0.42584753,0.40141165
2010-03-15,0.5928925,0.3981867
2010-03-16,0.5849779,0.5189588
2010-03-17,0.33090067,0.4315841
2010-03-18,0.62090594,0.37249005
2010-03-19,0.5426808,0.56476724
2010-03-22,0.57757044,0.36409667
2010-03-23,0.47563902,0.5506707
2010-03-24,0.28249127,0.4672594
2010-03-25,0.7226038,0.34421757
2010-03-26,0.75911486,0.5334018
2010-03-29,0.5234179,0.49911308
2010-03-30,0.1861678,0.5079607
2010-03-31,0.73380476,0.5542767
2010-04-01,0.60140455,0.57703084
2010-04-05,0.8693623,0.699066
2010-04-06,0.80721134,0.6284066
2010-04-07,0.5608275,0.43893254
2010-04-08,0.64403886,0.4903196
2010-04-09,0.6568607,0.5972457
2010-04-12,0.695279,0.5502196
2010-04-13,0.57315594,0.50663483
2010-04-14,0.4874789,0.34713027
2010-04-15,0.30804396,0.471467
2010-04-16,0.52578187,0.4938169
2010-04-19,0.50540495,0.43950325
2010-04-20,0.57463175,0.52861446
2010-04-21,0.20781353,0.51966333
2010-04-22,0.5664637,0.58285993
2010-04-23,0.30428526,0.2746271
2010-04-26,0.21182553,0.2780628
2010-04-27,0.4511213,0.4822749
2010-04-28,0.07696074,0.32885283
2010-04-29,0.48051548,0.47041667
2010-04-30,0.5345824,0.33366612
2010-05-03,0.7291636,0.46268868
2010-05-04,0.20510294,0.39784154
2010-05-05,0.4627248,0.45223927
2010-05-06,0.3633228,0.50433093
2010-05-07,0.56165606,0.43330047
2010-05-10,0.5595628,0.4304762
2010-05-11,0.31108543,0.3862619
2010-05-12,0.14968076,0.4859035
2010-05-13,0.46624613,0.3623427
2010-05-14,0.3283428,0.4082182
2010-05-17,0.750731,0.45876
2010-05-18,0.15551603,0.42361858
2010-05-19,0.21414632,0.37933353
2010-05-20,0.5438927,0.49704704
2010-05-21,0.35701314,0.29838753
2010-05-24,0.35908183,0.31778052
2010-05-25,0.23653865,0.39542225
2010-05-26,0.36289433,0.44049084
2010-05-27,-0.13631979,0.42694527
2010-05-28,0.7618252,0.48672947
2010-06-01,0.44074753,0.36097085
2010-06-02,0.22741365,0.39423716
2010-06-03,0.56471765,0.40043917
2010-06-04,0.21461315,0.42903465
2010-06-07,0.5399507,0.4079749
2010-06-08,0.41657048,0.50365484
2010-06-09,0.83516383,0.50266325
2010-06-10,0.74775237,0.5149493
2010-06-11,0.41233462,0.52805376
2010-06-14,0.11876515,0.4226395
2010-06-15,0.23354542,0.3258132
2010-06-16,0.38874888,0.5220353
2010-06-17,0.3563957,0.32948783
2010-06-18,0.32210088,0.40701693
2010-06-21,0.5195235,0.3687479
2010-06-22,0.46756527,0.37988487
2010-06-23,0.4491946,0.3307515
2010-06-24,0.18680088,0.41333652
2010-06-25,0.55557233,0.5306098
2010-06-28,0.42146978,0.48048514
2010-06-29,0.34132206,0.4633
2010-06-30,0.12264707,0.37476838
2010-07-01,0.7418695,0.31484112
2010-07-02,0.29055068,0.406015
2010-07-06,0.25214523,0.34157893
2010-07-07,0.60268354,0.49021226
2010-07-08,0.47291306,0.3986258
2010-07-09,0.16148612,0.25779018
2010-07-12,0.102194995,0.31021088
2010-07-13,0.14885665,0.3637985
2010-07-14,0.22901767,0.4248398
2010-07-15,0.64599013,0.30155835
2010-07-16,0.67169356,0.40470752
2010-07-19,0.73148596,0.42776418
2010-07-20,0.47520378,0.36653847
2010-07-21,0.74933815,0.34418204
2010-07-22,0.33070415,0.33472607
2010-07-23,0.50146097,0.3302009
2010-07-26,0.6991468,0.57895315
2010-07-27,0.32505336,0.42860988
2010-07-28,0.22671334,0.3644677
2010-07-29,0.29968613,0.4698835
2010-07-30,0.26485133,0.41745317
2010-08-02,0.26973212,0.39702606
2010-08-03,0.4995935,0.44335327
2010-08-04,0.47485098,0.40595615
2010-08-05,0.20603634,0.40706843
2010-08-06,0.32300922,0.29127216
2010-08-09,0.37717566,0.4063456
2010-08-10,0.24423184,0.25515196
2010-08-11,0.3384098,0.2857036
2010-08-12,0.7658663,0.43395475
2010-08-13,0.21150689,0.3942709
2010-08-16,0.6961634,0.47971028
2010-08-17,0.6269471,0.46741304
2010-08-18,0.36746642,0.40572545
2010-08-19,0.47259572,0.36330947
2010-08-20,0.29673418,0.3635996
2010-08-23,0.13654783,0.3333812
2010-08-24,0.5371028,0.3212659
2010-08-25,0.25523633,0.24464121
2010-08-26,0.32529852,0.5095485
2010-08-27,0.4570086,0.3095933
2010-08-30,0.3500324,0.32799026
2010-08-31,0.59422904,0.34957734
2010-09-01,0.4791425,0.30267802
2010-09-02,0.09632696,0.27895787
2010-09-03,0.16860981,0.40684316
2010-09-07,0.6057016,0.37519535
2010-09-08,0.54166657,0.4615427
2010-09-09,0.16947702,0.46381724
2010-09-10,0.43020433,0.4181825
2010-09-13,0.07443396,0.33306357
2010-09-14,0.38325793,0.39587998
2010-09-15,0.21257846,0.33498538
2010-09-16,0.28451836,0.27796048
2010-09-17,0.1809796,0.34005004
2010-09-20,0.39241773,0.32136112
2010-09-21,0.44648612,0.47307843
2010-09-22,0.23798862,0.2916237
2010-09-23,0.5468534,0.4303614
2010-09-24,0.24667081,0.41068202
2010-09-27,0.49884647,0.37462345
2010-09-28,0.060635217,0.31279695
2010-09-29,0.42661577,0.41018638
2010-09-30,0.16047294,0.36859563
2010-10-01,0.64923656,0.47676814
2010-10-04,0.19168279,0.31547278
2010-10-05,0.14673539,0.324622
2010-10-06,0.29616344,0.27691463
2010-10-07,0.4083933,0.46382725
2010-10-08,0.461939,0.3605596
2010-10-11,0.16667698,0.2877759
2010-10-12,0.24846447,0.34639782
2010-10-13,0.27633572,0.19357622
2010-10-14,0.53473246,0.4497366
2010-10-15,0.42615664,0.31087267
2010-10-18,0.13833116,0.41877893
2010-10-19,0.16706343,0.29154494
2010-10-20,0.18642733,0.35538733
2010-10-21,0.27823147,0.32788008
2010-10-22,0.2511535,0.2771847
2010-10-25,0.35315454,0.37386864
2010-10-26,0.4203996,0.43936664
2010-10-27,0.3685736,0.3270066
2010-10-28,0.1578052,0.3819577
2010-10-29,0.5273745,0.4848693
2010-11-01,0.34726113,0.4700965
2010-11-02,0.42736387,0.3492487
2010-11-03,0.65999293,0.44257155
2010-11-04,0.22243099,0.2360632
2010-11-05,0.18185988,0.36867705
2010-11-08,0.06371091,0.40233
2010-11-09,0.5989954,0.3618063
2010-11-10,0.079797894,0.43500775
2010-11-11,0.43034247,0.43350956
2010-11-12,0.25107786,0.4602821
2010-11-15,0.22747879,0.21261455
2010-11-16,0.7465985,0.3871077
2010-11-17,0.44097456,0.41985184
2010-11-18,0.32570964,0.2879829
2010-11-19,0.42155698,0.42895246
2010-11-22,0.12441285,0.31844997
2010-11-23,0.5270464,0.34404546
2010-11-24,0.52587295,0.3242309
2010-11-26,0.2617933,0.34516728
2010-11-29,0.21903583,0.3990359
2010-11-30,0.30229264,0.2854634
2010-12-01,0.28861764,0.4293475
2010-12-02,0.69317096,0.50204694
2010-12-03,0.31462207,0.50283194
2010-12-06,0.20056751,0.42709056
2010-12-07,0.37244102,0.39536154
2010-12-08,0.66919947,0.3867921
2010-12-09,0.39554012,0.40498844
2010-12-10,0.60987365,0.4129697
2010-12-13,0.29901525,0.38316178
2010-12-14,0.55361736,0.33968198
2010-12-15,0.32211435,0.31659985
2010-12-16,0.07896227,0.16896424
2010-12-17,0.3573288,0.3681628
2010-12-20,0.5396214,0.41246468
2010-12-21,0.4104143,0.37363666
2010-12-22,0.5521922,0.40304577
2010-12-23,0.6246066,0.51516896
2010-12-27,0.56620264,0.33244702
2010-12-28,0.22248328,0.32349584
2010-12-29,0.26299393,0.40209633
2010-12-30,0.17738432,0.30227125
2010-12-31,0.29189432,0.37463498
2011-01-03,0.8438284,0.32255927
2011-01-04,0.77496415,0.43681473
2011-01-05,0.43551043,0.29747462
2011-01-06,0.16666265,0.4443195
2011-01-07,0.13374329,0.42402494
2011-01-10,0.48980203,0.30044103
2011-01-11,0.50398195,0.1921407
2011-01-12,0.50443345,0.3446372
2011-01-13,0.46145755,0.33251983
2011-01-14,0.7292243,0.314742
2011-01-18,0.7920018,0.5544434
2011-01-19,0.21251416,0.2448871
2011-01-20,0.49352416,0.29002362
2011-01-21,0.22027828,0.4289785
2011-01-24,0.14277852,0.304902
2011-01-25,0.118672095,0.3658737
2011-01-26,0.28441212,0.3795795
2011-01-27,0.5027816,0.4341935
2011-01-28,0.5831405,0.53591573
2011-01-31,0.2730117,0.37147295
2011-02-01,0.18960449,0.45587903
2011-02-02,0.21579124,0.3947179
2011-02-03,0.16322881,0.33091465
2011-02-04,0.40653688,0.47972098
2011-02-07,0.2426905,0.39190263
2011-02-08,0.31940302,0.49358118
2011-02-09,0.22210559,0.28818327
2011-02-10,0.29680693,0.3775816
2011-02-11,0.2097367,0.41854322
2011-02-14,0.50749534,0.32371902
2011-02-15,0.13278618,0.30252784
2011-02-16,0.046592996,0.32315463
2011-02-17,0.09846655,0.28902993
2011-02-18,0.0936493,0.31054187
2011-02-22,0.23319308,0.3865149
2011-02-23,0.15371546,0.4234668
2011-02-24,0.3297226,0.34111115
2011-02-25,0.3499172,0.36694053
2011-02-28,0.61975724,0.38921422
2011-03-01,0.17574431,0.3900949
2011-03-02,0.22443217,0.45341438
2011-03-03,0.38569406,0.44406936
2011-03-04,0.49727324,0.3663653
2011-03-07,0.4846418,0.39718503
2011-03-08,0.28670642,0.36717063
2011-03-09,0.3038393,0.28386372
2011-03-10,0.21000955,0.3203086
2011-03-11,0.6562284,0.38080442
2011-03-14,0.50656337,0.43500343
2011-03-15,0.46593234,0.259781
2011-03-16,0.25771317,0.42067325
2011-03-17,0.22914352,0.4162077
2011-03-18,0.55140233,0.25405672
2011-03-21,0.28791544,0.29340822
2011-03-22,0.41602138,0.34024072
2011-03-23,0.25245345,0.4030788
2011-03-24,0.28640854,0.24979551
2011-03-25,0.3352643,0.31185487
2011-03-28,0.29873046,0.37134406
2011-03-29,0.29120103,0.33109608
2011-03-30,0.36087644,0.4106302
2011-03-31,0.4435463,0.24079159
2011-04-01,0.3101969,0.27618977
2011-04-04,0.27441323,0.38676617
2011-04-05,0.35381266,0.31583688
2011-04-06,0.38063326,0.34296146
2011-04-07,0.3279887,0.33351028
2011-04-08,0.3877325,0.23507732
2011-04-11,0.38992342,0.46712506
2011-04-12,0.14571035,0.37430802
2011-04-13,0.21881545,0.2983048
2011-04-14,0.30294308,0.35671088
2011-04-15,0.2199673,0.27116942
2011-04-18,0.1936341,0.19999905
2011-04-19,0.2909897,0.37110385
2011-04-20,0.5231805,0.20706308
2011-04-21,0.083031654,0.3256032
2011-04-25,0.16830273,0.24251808
2011-04-26,0.069483064,0.27607417
2011-04-27,0.31823072,0.4338694
2011-04-28,0.120632365,0.29180896
2011-04-29,0.16010523,0.27108157
2011-05-02,0.60701996,0.57647306
2011-05-03,0.070796825,0.32507816
2011-05-04,0.50542325,0.47579053
2011-05-05,0.16945484,0.3144087
2011-05-06,0.19774501,0.4209156
2011-05-09,0.13202742,0.22353788
2011-05-10,0.14577511,0.32165143
2011-05-11,0.06323227,0.21550399
2011-05-12,0.12477241,0.26193482
2011-05-13,0.1853522,0.27423158
2011-05-16,0.33006066,0.29275155
2011-05-17,0.6011208,0.37404704
2011-05-18,0.08590926,0.34761003
2011-05-19,0.07556019,0.33311793
2011-05-20,0.1697558,0.3082203
2011-05-23,0.16246518,0.37398118
2011-05-24,0.1351921,0.31825668
2011-05-25,0.1276127,0.29125747
2011-05-26,0.24100405,0.31058624
2011-05-27,0.3278674,0.28449723
2011-05-31,0.1478301,0.4084082
2011-06-01,0.097659856,0.25613767
2011-06-02,0.13924249,0.3640665
2011-06-03,0.18434982,0.32585135
2011-06-06,0.18167123,0.27103636
2011-06-07,0.076227665,0.21414948
2011-06-08,0.17591015,0.32749313
2011-06-09,0.17722552,0.25771713
2011-06-10,0.29794824,0.3846773
2011-06-13,0.062949345,0.24687403
2011-06-14,0.05361007,0.2988337
2011-06-15,0.30531228,0.43274707
2011-06-16,0.45839864,0.36910266
2011-06-17,0.15923892,0.408391
2011-06-20,0.3387561,0.37255776
2011-06-21,0.27266777,0.3391424
2011-06-22,0.06918652,0.2763442
2011-06-23,0.26113263,0.3494227
2011-06-24,0.20899966,0.29974905
2011-06-27,0.37210655,0.28045437
2011-06-28,0.32691795,0.31507802
2011-06-29,0.080172755,0.3698446
2011-06-30,0.28255296,0.3541788
2011-07-01,0.5536839,0.3359168
2011-07-05,0.087881655,0.33619475
2011-07-06,0.16415547,0.35254154
2011-07-07,0.27988163,0.4742869
2011-07-08,0.32524884,0.41478485
2011-07-11,0.08181277,0.28834012
2011-07-12,0.024243716,0.3779992
2011-07-13,0.032750517,0.27640292
2011-07-14,0.262058,0.3567031
2011-07-15,0.09019038,0.34635696
2011-07-18,0.09531444,0.31961596
2011-07-19,0.15038759,0.36434677
2011-07-20,0.17979202,0.32299215
2011-07-21,0.33444908,0.39849135
2011-07-22,0.17138192,0.31947687
2011-07-25,0.44890448,0.4447456
2011-07-26,0.24418294,0.3498216
2011-07-27,0.53124535,0.23588108
2011-07-28,0.18471232,0.3583209
2011-07-29,0.06657431,0.24565464
2011-08-01,0.033635393,0.22858076
2011-08-02,0.23200168,0.19094093
2011-08-03,0.08921768,0.37677783
2011-08-04,0.19930446,0.20695701
2011-08-05,0.18766543,0.28967965
2011-08-08,0.052014932,0.3283981
2011-08-09,0.3998903,0.31489205
2011-08-10,0.1427269,0.3514263
2011-08-11,0.38396475,0.38416213
2011-08-12,0.37825575,0.39414418
2011-08-15,0.26762736,0.26052943
2011-08-16,0.11896868,0.28539258
2011-08-17,0.2739451,0.28046024
2011-08-18,0.37604558,0.37601823
2011-08-19,0.1587271,0.19564976
2011-08-22,0.18929017,0.5100747
2011-08-23,0.65367985,0.40371087
2011-08-24,0.17243189,0.37902382
2011-08-25,0.3846137,0.35154974
2011-08-26,0.6479038,0.4376409
2011-08-29,0.14027053,0.2915536
2011-08-30,0.1233359,0.27744249
2011-08-31,0.11824853,0.30068505
2011-09-01,0.40196282,0.30661586
2011-09-02,0.12229729,0.40727675
2011-09-06,0.050455876,0.1945008
2011-09-07,0.1509184,0.25891048
2011-09-08,0.16664544,0.21087824
2011-09-09,0.13729173,0.21423373
2011-09-12,0.41923213,0.3842878
2011-09-13,0.22357483,0.3572482
2011-09-14,0.050582506,0.22953369
2011-09-15,0.009799043,0.31074336
2011-09-16,0.14528942,0.26381427
2011-09-19,0.168238,0.19414665
2011-09-20,0.20704226,0.33627295
2011-09-21,0.06855811,0.1998021
2011-09-22,0.1680218,0.25072896
2011-09-23,0.3480587,0.38173127
2011-09-26,0.3864277,0.43205252
2011-09-27,0.11290321,0.30868882
2011-09-28,0.13520427,0.32004604
2011-09-29,0.37951198,0.3799114
2011-09-30,0.56163156,0.27400184
2011-10-03,0.37202674,0.29034364
2011-10-04,0.31816673,0.2888202
2011-10-05,0.2819153,0.29661626
2011-10-06,0.13845462,0.277415
2011-10-07,0.29186904,0.36040622
2011-10-10,0.120623946,0.22015196
2011-10-11,0.36501703,0.2558007
2011-10-12,0.18691494,0.2961401
2011-10-13,0.07873474,0.222723
2011-10-14,0.08055917,0.30425227
2011-10-17,0.1182262,0.2838492
2011-10-18,0.07097449,0.30784017
2011-10-19,0.18319444,0.29623258
2011-10-20,0.4797461,0.4094746
2011-10-21,0.6231251,0.29381886
2011-10-24,0.54702187,0.21799158
2011-10-25,0.30739775,0.28426734
2011-10-26,0.3149169,0.3856532
2011-10-27,0.04605633,0.15159126
2011-10-28,0.07202512,0.22277914
2011-10-31,0.73133457,0.44775897
2011-11-01,0.19019456,0.30960673
2011-11-02,0.036265146,0.3240399
2011-11-03,0.047157526,0.16683471
2011-11-04,0.19377846,0.36564514
2011-11-07,0.20456615,0.26004875
2011-11-08,0.1831843,0.3490897
2011-11-09,0.1742273,0.25365937
2011-11-10,0.47029337,0.42249462
2011-11-11,0.23055728,0.30263215
2011-11-14,0.21937773,0.35776284
2011-11-15,0.28534973,0.41087905
2011-11-16,0.1520382,0.2613931
2011-11-17,0.08024336,0.3008979
2011-11-18,0.43218452,0.4311074
2011-11-21,0.02469318,0.2643126
2011-11-22,0.26020548,0.2887883
2011-11-23,0.117331475,0.30133295
2011-11-25,0.43995938,0.33222678
2011-11-28,0.552879,0.30999282
2011-11-29,0.26375878,0.37069416
2011-11-30,0.041054748,0.15242723
2011-12-01,0.07511413,0.27906358
2011-12-02,0.15331002,0.2903143
2011-12-05,0.09487392,0.29038072
2011-12-06,0.21551739,0.24702013
2011-12-07,0.19958036,0.22996634
2011-12-08,0.34217823,0.35587224
2011-12-09,0.1575507,0.28808928
2011-12-12,0.7578113,0.32644787
2011-12-13,0.06143641,0.24199408
2011-12-14,0.18844083,0.2535895
2011-12-15,0.108173296,0.27622792
2011-12-16,0.46820647,0.27939558
2011-12-19,0.09169043,0.3419902
2011-12-20,0.581971,0.3936398
2011-12-21,0.05063722,0.32184175
2011-12-22,0.19225131,0.3324325
2011-12-23,0.21208225,0.26312965
2011-12-27,0.4448091,0.364715
2011-12-28,0.08222539,0.21569102
2011-12-29,0.3753606,0.23134781
2011-12-30,0.15727101,0.21297319
2012-01-03,0.3071499,0.247727
2012-01-04,0.10955863,0.2623206
2012-01-05,0.39285022,0.3066892
2012-01-06,0.022706095,0.21288082
2012-01-09,0.09106487,0.40232894
2012-01-10,0.34777337,0.3283815
2012-01-11,0.07189891,0.20302233
2012-01-12,0.14550789,0.16540092
2012-01-13,0.47668183,0.21788305
2012-01-17,0.39720803,0.35926467
2012-01-18,0.065935306,0.13122302
2012-01-19,0.2532262,0.31338245
2012-01-20,0.05100756,0.35703343
2012-01-23,0.5073836,0.33398712
2012-01-24,0.13663702,0.38610473
2012-01-25,0.26326054,0.28761902
2012-01-26,0.068380974,0.30305037
2012-01-27,0.3408846,0.3187147
2012-01-30,0.19558674,0.19632933
2012-01-31,0.08229844,0.2362541
2012-02-01,0.10300229,0.2697823
2012-02-02,0.11068207,0.23658574
2012-02-03,0.17458405,0.3269847
2012-02-06,0.08641703,0.28903067
2012-02-07,0.0815205,0.20661013
2012-02-08,0.31651127,0.31866062
2012-02-09,0.21305135,0.24401969
2012-02-10,0.26986274,0.25655666
2012-02-13,0.14482501,0.3254245
2012-02-14,0.23137397,0.3429766
2012-02-15,0.1271811,0.2848708
2012-02-16,0.057181135,0.21794635
2012-02-17,0.3028058,0.36675513
2012-02-21,0.06655702,0.19400749
2012-02-22,0.17325285,0.3464761
2012-02-23,0.06677464,0.41491348
2012-02-24,0.22290148,0.2270934
2012-02-27,0.12947816,0.3162105
2012-02-28,0.15232827,0.41400814
2012-02-29,0.12174234,0.31899852
2012-03-01,0.6138883,0.21127819
2012-03-02,0.42118287,0.26238936
2012-03-05,0.13822536,0.3065359
2012-03-06,0.08492336,0.32474557
2012-03-07,0.31952587,0.23391615
2012-03-08,0.043054912,0.27372828
2012-03-09,0.14934297,0.31089675
2012-03-12,0.7030087,0.29842904
2012-03-13,0.35396966,0.32891843
2012-03-14,0.10799804,0.29493266
2012-03-15,0.12837303,0.22684436
2012-03-16,0.18893479,0.23000109
2012-03-19,0.51086533,0.4259363
2012-03-20,0.5598254,0.4098764
2012-03-21,0.37288305,0.23427266
2012-03-22,0.18637544,0.3216989
2012-03-23,0.104620926,0.28429902
2012-03-26,0.06798737,0.36375386
2012-03-27,0.72482353,0.19956581
2012-03-28,0.4210308,0.30646804
2012-03-29,0.18534212,0.31568143
2012-03-30,0.32524678,0.37687573
2012-04-02,0.1722349,0.4149752
2012-04-03,0.36758727,0.37784496
2012-04-04,0.1921939,0.2862109
2012-04-05,0.09401895,0.37884626
2012-04-09,0.110222444,0.35263255
2012-04-10,0.6494016,0.3512395
2012-04-11,0.3591866,0.33711585
2012-04-12,0.2086228,0.28204608
2012-04-13,0.06889492,0.3588814
2012-04-16,0.14231625,0.25347537
2012-04-17,0.24805465,0.4077775
2012-04-18,0.54781604,0.50143266
2012-04-19,0.4542279,0.29621848
2012-04-20,0.21766524,0.29911786
2012-04-23,0.4793837,0.46940637
2012-04-24,0.61094815,0.2667697
2012-04-25,0.33169892,0.43862113
2012-04-26,0.62571913,0.38324502
2012-04-27,0.021349587,0.21970779
2012-04-30,0.23204534,0.34743014
2012-05-01,0.62657416,0.48475134
2012-05-02,0.2356776,0.3279317
2012-05-03,0.17947865,0.36442304
2012-05-04,0.22842653,0.3340577
2012-05-07,0.34126732,0.34436253
2012-05-08,0.23169795,0.2927293
2012-05-09,0.7304346,0.29449055
2012-05-10,0.5577725,0.25269374
2012-05-11,0.2363836,0.28434497
2012-05-14,0.08942763,0.32662904
2012-05-15,0.37592506,0.33217925
2012-05-16,0.25485054,0.38729936
2012-05-17,0.032747854,0.22184938
2012-05-18,0.12813881,0.273534
2012-05-21,0.46693614,0.19196407
2012-05-22,0.36406666,0.2950257
2012-05-23,0.05924102,0.41682106
2012-05-24,0.2690025,0.37743598
2012-05-25,0.26372406,0.38347122
2012-05-29,0.10161942,0.25073022
2012-05-30,0.15427013,0.27858806
2012-05-31,0.084719464,0.44490188
2012-06-01,0.16139114,0.24091882
2012-06-04,0.19175452,0.29518136
2012-06-05,0.076117165,0.20916952
2012-06-06,0.26610908,0.30900714
2012-06-07,0.32922462,0.39627707
2012-06-08,0.22475922,0.2554874
2012-06-11,0.4354258,0.360335
2012-06-12,0.103257224,0.36674434
2012-06-13,0.15305996,0.32987213
2012-06-14,0.31643546,0.28965962
2012-06-15,0.4980559,0.37542397
2012-06-18,0.338816,0.33627355
2012-06-19,0.45797804,0.2963723
2012-06-20,0.14647207,0.28189436
2012-06-21,0.26415026,0.19468404
2012-06-22,0.057079144,0.26844954
2012-06-25,0.72008127,0.37747544
2012-06-26,0.3389838,0.29592595
2012-06-27,0.053420577,0.34142408
2012-06-28,0.23185293,0.3369203
2012-06-29,0.2155028,0.28696588
2012-07-02,0.22973129,0.41196397
2012-07-03,0.15952553,0.2780255
2012-07-05,0.22098844,0.3885389
2012-07-06,0.09198409,0.28791583
2012-07-09,0.11912528,0.2484316
2012-07-10,0.23489773,0.37478703
2012-07-11,0.15955411,0.3726283
2012-07-12,0.38703212,0.38447738
2012-07-13,0.12014198,0.24878544
2012-07-16,0.089186944,0.31947494
2012-07-17,0.36375836,0.387443
2012-07-18,0.061876103,0.21190189
2012-07-19,0.13104182,0.28843662
2012-07-20,0.21893537,0.40007037
2012-07-23,0.067977495,0.30350068
2012-07-24,0.36580533,0.32757294
2012-07-25,0.25347212,0.46425188
2012-07-26,0.11026568,0.2866953
2012-07-27,0.59081286,0.33829775
2012-07-30,0.34644926,0.19322695
2012-07-31,0.5985292,0.28804052
2012-08-01,0.069717355,0.28752175
2012-08-02,0.52112675,0.40791833
2012-08-03,0.24212188,0.2458097
2012-08-06,0.13360927,0.24063165
2012-08-07,0.19858626,0.3118845
2012-08-08,0.42741147,0.38203457
2012-08-09,0.12752287,0.274722
2012-08-10,0.09303279,0.33056816
2012-08-13,0.36302665,0.33007059
2012-08-14,0.50252646,0.33626756
2012-08-15,0.2372341,0.31415612
2012-08-16,0.31275746,0.41698873
2012-08-17,0.3125277,0.4437069
2012-08-20,0.29624757,0.2672123
2012-08-21,0.3840797,0.25785396
2012-08-22,0.23794748,0.35166046
2012-08-23,0.21042216,0.39231926
2012-08-24,0.14572774,0.38726258
2012-08-27,0.12127451,0.36013898
2012-08-28,0.306117,0.2781785
2012-08-29,0.11898416,0.32038343
2012-08-30,0.27553254,0.29311076
2012-08-31,0.043838263,0.33295804
2012-09-04,0.18645377,0.37919563
2012-09-05,0.66013736,0.42194635
2012-09-06,0.7682865,0.36309066
2012-09-07,0.17328297,0.35315368
2012-09-10,0.36652076,0.35767326
2012-09-11,0.659237,0.32002082
2012-09-12,0.08524306,0.276717
2012-09-13,0.64664763,0.41089383
2012-09-14,0.17736813,0.40471122
2012-09-17,0.412814,0.4316701
2012-09-18,0.1994215,0.14274077
2012-09-19,0.1063396,0.37357783
2012-09-20,0.2522125,0.3204136
2012-09-21,0.18254398,0.3471979
2012-09-24,0.103449024,0.22876726
2012-09-25,0.27152312,0.31369814
2012-09-26,0.2022474,0.30337286
2012-09-27,0.54497695,0.4600627
2012-09-28,0.45861763,0.31736737
2012-10-01,0.13864084,0.2992948
2012-10-02,0.21972786,0.28071052
2012-10-03,0.4927671,0.24732517
2012-10-04,0.21775857,0.3353471
2012-10-05,0.36920834,0.3459332
2012-10-08,0.101762235,0.40129453
2012-10-09,0.304258,0.23920578
2012-10-10,0.33254802,0.37796062
2012-10-11,0.039424427,0.21821171
2012-10-12,0.37838903,0.39293903
2012-10-15,0.27370206,0.3163924
2012-10-16,0.12583163,0.43629807
2012-10-17,0.03658332,0.23809835
2012-10-18,0.08905173,0.27680436
2012-10-19,0.54537266,0.44438875
2012-10-22,0.42963016,0.27508265
2012-10-23,0.10566345,0.34604016
2012-10-24,0.3938326,0.26528665
2012-10-25,0.26476008,0.29540023
2012-10-26,0.11969152,0.275275
2012-10-31,0.17888778,0.34644532
2012-11-01,0.6660426,0.3212643
2012-11-02,0.33793673,0.25030404
2012-11-05,0.110622466,0.18021305
2012-11-06,0.66023356,0.19752298
2012-11-07,0.12992117,0.28515092
2012-11-08,0.6152469,0.4304143
2012-11-09,0.37843254,0.2760968
2012-11-12,0.48924226,0.27732995
2012-11-13,0.13161412,0.29544336
2012-11-14,0.4376104,0.23638418
2012-11-15,0.30990863,0.24308082
2012-11-16,0.13583541,0.12702784
2012-11-19,0.03754115,0.25522086
2012-11-20,0.16497281,0.28147465
2012-11-21,0.24997276,0.28775737
2012-11-23,0.25798395,0.31085816
2012-11-26,0.099222705,0.3094358
2012-11-27,0.40005848,0.32988974
2012-11-28,0.16857949,0.44377872
2012-11-29,0.46142012,0.22057377
2012-11-30,0.39189816,0.31753686
2012-12-03,0.3011693,0.25367755
2012-12-04,0.25194272,0.26133487
2012-12-05,0.01863012,0.18788204
2012-12-06,0.18657927,0.29585773
2012-12-07,0.06581887,0.3122065
2012-12-10,0.15775348,0.32183877
2012-12-11,0.05435252,0.35511822
2012-12-12,0.6750198,0.59563565
2012-12-13,0.3258131,0.36249042
2012-12-14,0.041297078,0.31767446
2012-12-17,0.1920245,0.35937795
2012-12-18,0.35795808,0.28968325
2012-12-19,0.26569575,0.30290014
2012-12-20,0.37455663,0.43875712
2012-12-21,0.48132315,0.457516
2012-12-24,0.12161542,0.122878335
2012-12-26,0.1226798,0.2525159
2012-12-27,0.5585736,0.33562645
2012-12-28,0.107436135,0.27664992
2012-12-31,0.45409584,0.3494968
2013-01-02,0.082468174,0.1788254
2013-01-03,0.29993698,0.42211616
2013-01-04,0.25323063,0.29092637
2013-01-07,0.22550555,0.3019754
2013-01-08,0.14766468,0.29920837
2013-01-09,0.20057632,0.35668167
2013-01-10,0.4212559,0.37402457
2013-01-11,0.3034822,0.33494422
2013-01-14,0.2887207,0.08748022
2013-01-15,0.1229235,0.3438267
2013-01-16,0.24977621,0.24966614
2013-01-17,0.26323244,0.2849771
2013-01-18,0.10950968,0.34045947
2013-01-22,0.20153208,0.2968418
2013-01-23,0.4340617,0.3611408
2013-01-24,0.27478316,0.38484088
2013-01-25,0.09196848,0.3150167
2013-01-28,0.4005744,0.31482148
2013-01-29,0.4666356,0.37204397
2013-01-30,0.1314896,0.31834993
2013-01-31,0.35614198,0.25022614
2013-02-01,0.40658298,0.2964013
2013-02-04,0.21673886,0.4199975
2013-02-05,0.33675277,0.3573404
2013-02-06,0.11024109,0.3248228
2013-02-07,0.5741544,0.3651834
2013-02-08,0.31329823,0.43185303
2013-02-11,0.30141908,0.35509712
2013-02-12,0.37805292,0.41475463
2013-02-13,0.53529996,0.34598792
2013-02-14,0.39154875,0.31764185
2013-02-15,0.38901925,0.36251083
2013-02-19,0.57146204,0.40456676
2013-02-20,0.47123328,0.44186917
2013-02-21,0.10375139,0.34954143
2013-02-22,0.35520327,0.32654732
2013-02-25,0.27417013,0.3288104
2013-02-26,0.061083075,0.2949947
2013-02-27,0.058441065,0.23798072
2013-02-28,0.6781366,0.38163713
2013-03-01,0.23051172,0.33856714
2013-03-04,0.23476925,0.3476283
2013-03-05,0.13695088,0.34483615
2013-03-06,0.03623449,0.20129313
2013-03-07,0.6022147,0.35254413
2013-03-08,0.4582189,0.4028374
2013-03-11,0.20715939,0.32452592
2013-03-12,0.23979007,0.25989586
2013-03-13,0.5947417,0.41646186
2013-03-14,0.62699175,0.39312008
2013-03-15,0.33071876,0.38667253
2013-03-18,0.20684858,0.20474502
2013-03-19,0.31427452,0.24008587
2013-03-20,0.15990807,0.33543316
2013-03-21,0.254846,0.43689942
2013-03-22,0.5885034,0.34590188
2013-03-25,0.11257034,0.33953544
2013-03-26,0.23878358,0.321324
2013-03-27,0.6484362,0.37555668
2013-03-28,0.13675801,0.24497953
2013-04-01,0.032018505,0.29550445
2013-04-02,0.3387608,0.30423746
2013-04-03,0.35384446,0.44324437
2013-04-04,0.5075146,0.35641748
2013-04-05,0.31824082,0.3029881
2013-04-08,0.15608016,0.3274343
2013-04-09,0.46474645,0.46897662
2013-04-10,0.63958216,0.3133783
2013-04-11,0.1545178,0.29267
2013-04-12,0.80689967,0.4822059
2013-04-15,0.33272725,0.3383752
2013-04-16,0.46803162,0.36373666
2013-04-17,0.18412589,0.37591827
2013-04-18,0.8005869,0.30658984
2013-04-19,0.45419347,0.3448053
2013-04-22,0.35625902,0.21640778
2013-04-23,0.15663539,0.3719418
2013-04-24,0.16833334,0.29645985
2013-04-25,0.37747648,0.3607419
2013-04-26,0.19042256,0.31454062
2013-04-29,0.31840107,0.3927743
2013-04-30,0.2947193,0.2560503
2013-05-01,0.6735621,0.41157368
2013-05-02,0.44675666,0.39223886
2013-05-03,0.16783583,0.3018088
2013-05-06,0.11276016,0.22211699
2013-05-07,0.07053356,0.17804977
2013-05-08,0.26549056,0.47707242
2013-05-09,0.49217853,0.36327985
2013-05-10,0.35830683,0.37534112
2013-05-13,0.46547663,0.39009944
2013-05-14,0.8141601,0.43519124
2013-05-15,0.13333526,0.26184168
2013-05-16,0.31388795,0.37830397
2013-05-17,0.21573664,0.27559868
2013-05-20,0.5150034,0.40930307
2013-05-21,0.4356332,0.3972838
2013-05-22,0.47418758,0.2459197
2013-05-23,0.23909041,0.28687242
2013-05-24,0.18051423,0.28660786
2013-05-28,0.08855135,0.15557571
2013-05-29,0.53405106,0.25471106
2013-05-30,0.18481167,0.24907118
2013-05-31,0.29534695,0.44219604
2013-06-03,0.2538479,0.2984191
2013-06-04,0.03137397,0.28474176
2013-06-05,0.29856032,0.28549948
2013-06-06,0.57785743,0.2955653
2013-06-07,0.75483704,0.6093009
2013-06-10,0.6152544,0.4961102
2013-06-11,0.6712106,0.44031167
2013-06-12,0.3510903,0.43262494
2013-06-13,0.25025183,0.38363785
2013-06-14,0.43636337,0.31715524
2013-06-17,0.23904988,0.38929573
2013-06-18,0.26744795,0.3488652
2013-06-19,0.22834933,0.34030506
2013-06-20,0.2087709,0.31308678
2013-06-21,0.41122535,0.22633082
2013-06-24,0.102893084,0.33457676
2013-06-25,0.27178493,0.42396352
2013-06-26,0.39940256,0.4556253
2013-06-27,0.6120328,0.44673616
2013-06-28,0.13684176,0.33670574
2013-07-01,0.17699333,0.35501516
2013-07-02,0.1336243,0.31912726
2013-07-03,0.136801,0.38235158
2013-07-05,0.17731246,0.3101752
2013-07-08,0.30312166,0.4275831
2013-07-09,0.14306742,0.3512541
2013-07-10,0.32796,0.3618932
2013-07-11,0.5182059,0.2608548
2013-07-12,0.7690964,0.48833507
2013-07-15,0.7006269,0.46191266
2013-07-16,0.2448374,0.3264025
2013-07-17,0.24842319,0.29880938
2013-07-18,0.21103686,0.17011444
2013-07-19,0.4009003,0.2714972
2013-07-22,0.6014351,0.2587882
2013-07-23,0.34949118,0.3019127
2013-07-24,0.06822598,0.25758395
2013-07-25,0.17849392,0.32411763
2013-07-26,0.5926292,0.39768577
2013-07-29,0.29820064,0.44107983
2013-07-30,0.45548692,0.30805755
2013-07-31,0.52340966,0.38568768
2013-08-01,0.27590263,0.18355542
2013-08-02,0.2808793,0.29194936
2013-08-05,0.054402508,0.24949524
2013-08-06,0.18635243,0.3664946
2013-08-07,0.1748921,0.26122484
2013-08-08,0.4482857,0.41613698
2013-08-09,0.33910042,0.22732307
2013-08-12,0.29253295,0.2927417
2013-08-13,0.41642052,0.3651006
2013-08-14,0.28915614,0.36628863
2013-08-15,0.38685745,0.3550257
2013-08-16,0.5475461,0.4016368
2013-08-19,0.37405124,0.29006222
2013-08-20,0.12702599,0.28716177
2013-08-21,0.34963372,0.36190197
2013-08-22,0.17574117,0.2284889
2013-08-23,0.10790225,0.28170153
2013-08-26,0.13366614,0.3285919
2013-08-27,0.23387763,0.42344356
2013-08-28,0.4325292,0.26587775
2013-08-29,0.27362907,0.36248612
2013-08-30,0.2808789,0.35196155
2013-09-03,0.15476853,0.36954194
2013-09-04,0.53502464,0.3660971
2013-09-05,0.7093395,0.32278755
2013-09-06,0.7763109,0.45745313
2013-09-09,0.4914325,0.43850213
2013-09-10,0.26595718,0.2872714
2013-09-11,0.64768845,0.30020675
2013-09-12,0.5243246,0.4578426
2013-09-13,0.49283174,0.22388592
2013-09-16,0.64641565,0.48443267
2013-09-17,0.19565104,0.35386115
2013-09-18,0.42801362,0.38466266
2013-09-19,0.1491141,0.36317098
2013-09-20,0.36962384,0.41463876
2013-09-23,0.0919014,0.2798586
2013-09-24,0.13373648,0.24651971
2013-09-25,0.2867983,0.35702786
2013-09-26,0.17707174,0.40468827
2013-09-27,0.6390154,0.41513345
2013-09-30,0.43557617,0.2776802
2013-10-01,0.38729346,0.5014769
2013-10-02,0.38840017,0.26693442
2013-10-03,0.28985885,0.32930487
2013-10-04,0.25890633,0.3326013
2013-10-07,0.63721615,0.38439098
2013-10-08,0.47121474,0.39663625
2013-10-09,0.48861176,0.2737459
2013-10-10,0.32468227,0.29809138
2013-10-11,0.17463228,0.20303982
2013-10-14,0.4362784,0.30564865
2013-10-15,0.8694861,0.46636605
2013-10-16,0.32753637,0.42047137
2013-10-17,0.16964003,0.33844197
2013-10-18,0.1952604,0.29784736
2013-10-21,0.34607923,0.3091467
2013-10-22,0.086295426,0.29092142
2013-10-23,0.10338217,0.25017524
2013-10-24,0.62235034,0.43076697
2013-10-25,0.3772424,0.36807472
2013-10-28,0.6563391,0.45295775
2013-10-29,0.29633856,0.24279226
2013-10-30,0.23596981,0.2548334
2013-10-31,0.74320084,0.50402665
2013-11-01,0.73356324,0.4270124
2013-11-04,0.15824622,0.31339747
2013-11-05,0.341083,0.34614846
2013-11-06,0.29288808,0.3445474
2013-11-07,0.4263672,0.43560168
2013-11-08,0.07105177,0.34691474
2013-11-11,0.09654383,0.2617715
2013-11-12,0.35654017,0.45863995
2013-11-13,0.32366726,0.37171134
2013-11-14,0.43632713,0.4243063
2013-11-15,0.07737507,0.327193
2013-11-18,0.25417167,0.33767778
2013-11-19,0.19927503,0.45058674
2013-11-20,0.64085114,0.44935971
2013-11-21,0.7479506,0.32173705
2013-11-22,0.39742434,0.400109
2013-11-25,0.04274056,0.16430984
2013-11-26,0.28463146,0.32982945
2013-11-27,0.12021573,0.25181141
2013-11-29,0.1750661,0.30251038
2013-12-02,0.10943996,0.40537825
2013-12-03,0.20423996,0.2705761
2013-12-04,0.4917505,0.3381811
2013-12-05,0.56129533,0.34384322
2013-12-06,0.4859904,0.459862
2013-12-09,0.16094473,0.30020684
2013-12-10,0.34990188,0.3000335
2013-12-11,0.35184374,0.3768144
2013-12-12,0.06547592,0.35554054
2013-12-13,0.35277253,0.32114616
2013-12-16,0.17905238,0.28155828
2013-12-17,-0.6975692,0.24778092
2013-12-18,0.4242552,0.48107287
2013-12-19,0.38954973,0.40461367
2013-12-20,0.13270016,0.30433092
2013-12-23,0.2332032,0.26129645
2013-12-24,0.09272017,0.40397757
2013-12-26,0.32435718,0.27535248
2013-12-27,0.044202656,0.31666648
2013-12-30,0.34539568,0.35038966
2013-12-31,0.806166,0.41331974
2014-01-02,0.40552863,0.33422703
2014-01-03,0.5187379,0.28392634
2014-01-06,0.09646897,0.34242165
2014-01-07,0.080937356,0.2865058
2014-01-08,0.10559264,0.15136015
2014-01-09,0.35234523,0.43576908
2014-01-10,0.19934005,0.37139323
2014-01-13,0.20539917,0.28514543
2014-01-14,0.36974862,0.19513029
2014-01-15,0.49331117,0.45008275
2014-01-16,0.6497122,0.38235682
2014-01-17,0.41374338,0.45731413
2014-01-21,0.13948593,0.26179025
2014-01-22,0.48724854,0.34611598
2014-01-23,0.1700984,0.28530258
2014-01-24,0.3844871,0.45410416
2014-01-27,0.08585884,0.3435631
2014-01-28,0.47100016,0.4447962
2014-01-29,0.13696627,0.31353533
2014-01-30,0.104763836,0.32834315
2014-01-31,0.23420665,0.3203129
2014-02-03,0.072109476,0.29511684
2014-02-04,0.26062903,0.35847968
2014-02-05,0.45489562,0.27204442
2014-02-06,0.49624938,0.391409
2014-02-07,0.053892843,0.29169905
2014-02-10,0.40329874,0.3336697
2014-02-11,0.37653476,0.4424184
2014-02-12,0.31540832,0.29614702
2014-02-13,0.42857805,0.2468211
2014-02-14,0.21365902,0.37226754
2014-02-18,0.106000885,0.26968452
2014-02-19,0.0790644,0.2113163
2014-02-20,0.48756546,0.33225715
2014-02-21,0.5202665,0.25780457
2014-02-24,0.51534516,0.39618596
2014-02-25,0.14504427,0.36273822
2014-02-26,0.25463766,0.30368903
2014-02-27,0.2516794,0.3704251
2014-02-28,0.09323051,0.30516124
2014-03-03,0.08856492,0.1981956
2014-03-04,0.18688205,0.37768123
2014-03-05,0.4312085,0.22223234
2014-03-06,0.32754204,0.20488372
2014-03-07,0.19863576,0.40380564
2014-03-10,0.18012352,0.3549749
2014-03-11,0.38023433,0.45714638
2014-03-12,0.42947885,0.39221135
2014-03-13,0.8162447,0.36436385
2014-03-14,0.17656277,0.27534214
2014-03-17,0.1644252,0.39676803
2014-03-18,0.30378956,0.37649432
2014-03-19,0.24741906,0.36339897
2014-03-20,0.07957624,0.24496344
2014-03-21,0.0819704,0.33019125
2014-03-24,0.11024629,0.4873067
2014-03-25,0.14150195,0.32784352
2014-03-26,0.10800233,0.32796094
2014-03-27,0.173602,0.17154685
2014-03-28,0.5744296,0.35686767
2014-03-31,0.19971406,0.26932254
2014-04-01,0.032613266,0.13942233
2014-04-02,0.08532689,0.2817098
2014-04-03,0.08845638,0.25659612
2014-04-04,0.06979495,0.2593766
2014-04-07,0.11928365,0.28028652
2014-04-08,0.13890062,0.2989728
2014-04-09,0.19159424,0.34232074
2014-04-10,0.6183949,0.4094428
2014-04-11,0.06110731,0.24055797
2014-04-14,0.51977676,0.34610614
2014-04-15,0.19738276,0.30453703
2014-04-16,0.10337927,0.35747695
2014-04-17,0.08580408,0.34432086
2014-04-21,0.13525231,0.26527414
2014-04-22,0.21769893,0.22641045
2014-04-23,0.17924516,0.34471115
2014-04-24,0.0467866,0.18042222
2014-04-25,0.071164496,0.23011112
2014-04-28,0.20985039,0.3439208
2014-04-29,0.091676824,0.32535875
2014-04-30,0.3071398,0.19131656
2014-05-01,0.23265068,0.3646098
2014-05-02,0.44041562,0.3533033
2014-05-05,0.38862127,0.36488461
2014-05-06,0.28440267,0.41287297
2014-05-07,0.07459407,0.23102444
2014-05-08,0.11257289,0.44194892
2014-05-09,0.54852444,0.28950307
2014-05-12,0.22654112,0.36591077
2014-05-13,0.41796982,0.30573452
2014-05-14,0.06619571,0.28276917
2014-05-15,0.30475134,0.20385174
2014-05-16,0.15261823,0.27224904
2014-05-19,0.3256656,0.2993524
2014-05-20,0.15700129,0.21052007
2014-05-21,0.4492378,0.28752384
2014-05-22,0.08242921,0.26918182
2014-05-23,0.30970517,0.24382551
2014-05-27,0.21164037,0.20603494
2014-05-28,0.3396773,0.4270171
2014-05-29,0.05536595,0.32255268
2014-05-30,0.30803013,0.33397144
2014-06-02,0.2443907,0.36146215
2014-06-03,0.59100807,0.24147257
2014-06-04,0.39099973,0.21689716
2014-06-05,0.25839487,0.3083318
2014-06-06,0.17727412,0.31531277
2014-06-09,0.32346484,0.26833746
2014-06-10,0.19229946,0.24477534
2014-06-11,0.24721193,0.3423168
2014-06-12,0.22123936,0.30031866
2014-06-13,0.75042164,0.39800656
2014-06-16,0.20413932,0.2410742
2014-06-17,0.18736428,0.3542617
2014-06-18,0.28159717,0.2895987
2014-06-19,0.14419192,0.29436123
2014-06-20,0.29555613,0.2500725
2014-06-23,0.5578806,0.42834905
2014-06-24,0.24151252,0.25832853
2014-06-25,0.56398934,0.3059892
2014-06-26,0.47520578,0.30390075
2014-06-27,0.19115405,0.3176208
2014-06-30,0.2893715,0.24902733
2014-07-01,0.22560455,0.35112372
2014-07-02,0.3259891,0.21306002
2014-07-03,0.15175386,0.43827832
2014-07-07,0.5767952,0.33874863
2014-07-08,0.2948113,0.39142865
2014-07-09,0.53332055,0.26715612
2014-07-10,0.25833762,0.23165028
2014-07-11,0.5628365,0.36235663
2014-07-14,0.080038525,0.26133358
2014-07-15,0.26045918,0.27025107
2014-07-16,0.10333839,0.34424636
2014-07-17,0.34064192,0.24455756
2014-07-18,0.08143393,0.38069153
2014-07-21,0.15861319,0.2687836
2014-07-22,0.088175826,0.16701481
2014-07-23,0.36035448,0.39719838
2014-07-24,0.3060253,0.34629443
2014-07-25,0.2316007,0.25187197
2014-07-28,0.17280988,0.36271167
2014-07-29,0.32460368,0.26319182
2014-07-30,0.09928219,0.3938096
2014-07-31,0.13519824,0.25916633
2014-08-01,0.22963142,0.34233636
2014-08-04,0.17730486,0.3278089
2014-08-05,0.19506302,0.35025752
2014-08-06,0.164643,0.28371772
2014-08-07,0.59337693,0.19479273
2014-08-08,0.22673605,0.39707902
2014-08-11,0.069761336,0.30155355
2014-08-12,0.5135927,0.28555167
2014-08-13,0.254424,0.3058799
2014-08-14,0.3105128,0.28606626
2014-08-15,0.15770708,0.3665946
2014-08-18,0.052332323,0.2370928
2014-08-19,0.109885916,0.35766587
2014-08-20,0.313639,0.36128616
2014-08-21,0.37865797,0.37170264
2014-08-22,0.15165493,0.20088537
2014-08-25,0.3648507,0.32382143
2014-08-26,0.016262028,0.22059523
2014-08-27,0.103752255,0.27871516
2014-08-28,0.3914492,0.36609116
2014-08-29,0.40471306,0.25209796
2014-09-02,0.50633967,0.3322753
2014-09-03,0.1658811,0.29469895
2014-09-04,0.09917625,0.42289498
2014-09-05,0.5878522,0.33535627
2014-09-08,0.24953532,0.3191553
2014-09-09,0.23348781,0.38507083
2014-09-10,0.5088535,0.30012125
2014-09-11,0.36288738,0.3406312
2014-09-12,0.16718586,0.27927533
2014-09-15,0.70827216,0.40117112
2014-09-16,0.67674786,0.2958543
2014-09-17,0.33329055,0.22291654
2014-09-18,0.26633286,0.33638072
2014-09-19,0.019864434,0.29372853
2014-09-22,0.12831728,0.22588843
2014-09-23,0.5859548,0.35742462
2014-09-24,0.49574098,0.24293165
2014-09-25,0.10404688,0.30996525
2014-09-26,0.56578696,0.3286141
2014-09-29,0.41231272,0.23100449
2014-09-30,0.5947927,0.3990427
2014-10-01,0.23478708,0.35861182
2014-10-02,0.07343479,0.19315252
2014-10-03,0.16870715,0.3517433
2014-10-06,0.24536979,0.3497794
2014-10-07,0.31028676,0.37326768
2014-10-08,0.07352961,0.24974236
2014-10-09,0.20925273,0.35434863
2014-10-10,0.07884348,0.3370396
2014-10-13,0.44070852,0.4376864
2014-10-14,0.15104991,0.3544889
2014-10-15,0.06926675,0.29833654
2014-10-16,0.051462967,0.13559593
2014-10-17,0.66006255,0.26078644
2014-10-20,0.16644596,0.22261849
2014-10-21,0.44612473,0.25749418
2014-10-22,0.35679668,0.30498853
2014-10-23,0.2279666,0.29814497
2014-10-24,0.13961393,0.3562271
2014-10-27,0.13559607,0.23801823
2014-10-28,0.115172684,0.31557202
2014-10-29,0.38090456,0.4149678
2014-10-30,0.6055611,0.34902588
2014-10-31,0.37840474,0.29251087
2014-11-03,0.10003927,0.31892675
2014-11-04,0.060041636,0.30714154
2014-11-05,0.5572,0.18529475
2014-11-06,0.34865534,0.41498578
2014-11-07,0.4183034,0.09465273
2014-11-10,0.019873299,0.264395
2014-11-11,0.180973,0.3052222
2014-11-12,0.08060916,0.31816193
2014-11-13,0.07857158,0.3200478
2014-11-14,0.12907907,0.36564863
2014-11-17,0.12776843,0.3482763
2014-11-18,0.32703334,0.38808572
2014-11-19,0.2543399,0.3892394
2014-11-20,0.24311179,0.30292973
2014-11-21,0.11341056,0.3334957
2014-11-24,0.12208083,0.28049928
2014-11-25,0.4660272,0.32087573
2014-11-26,0.26959813,0.31259996
2014-11-28,0.047085937,0.15257925
2014-12-01,0.063806094,0.27227557
2014-12-02,0.08486536,0.27652276
2014-12-03,0.2654043,0.3425887
2014-12-04,0.18488643,0.3086996
2014-12-05,0.46219927,0.37432757
2014-12-08,0.08931549,0.17631383
2014-12-09,0.034512095,0.1689603
2014-12-10,0.2159421,0.44163245
2014-12-11,0.2260361,0.19976395
2014-12-12,0.14338835,0.344614
2014-12-15,0.35196677,0.33202037
2014-12-16,0.05100949,0.19240244
2014-12-17,0.2167713,0.29570293
2014-12-18,0.17052776,0.36413822
2014-12-19,0.12972534,0.3122018
2014-12-22,0.23666835,0.32524323
2014-12-23,0.20205608,0.37366748
2014-12-24,0.03691432,0.23386002
2014-12-26,0.062052168,0.1998191
2014-12-29,0.0028917138,0.2499722
2014-12-30,0.07361098,0.2834223
2014-12-31,0.19789736,0.20963344
2015-01-02,0.090311095,0.27809376
2015-01-05,0.48979914,0.2709741
2015-01-06,0.20163092,0.33210364
2015-01-07,0.3098981,0.31903327
2015-01-08,0.7725719,0.29372776
2015-01-09,0.13217622,0.32245907
2015-01-12,0.44078356,0.40877792
2015-01-13,0.5585468,0.46772903
2015-01-14,0.29080203,0.32141563
2015-01-15,0.5772521,0.32074538
2015-01-16,0.5242924,0.24549551
2015-01-20,0.24804202,0.2870215
2015-01-21,0.56881666,0.36061925
2015-01-22,0.10217811,0.22221665
2015-01-23,0.46220934,0.3064636
2015-01-26,0.45301977,0.22296938
2015-01-27,0.02914133,0.29276103
2015-01-28,0.69225836,0.29480183
2015-01-29,0.27583674,0.27371696
2015-01-30,0.67243075,0.4011927
2015-02-02,0.39248657,0.30431095
2015-02-03,0.33836284,0.21673672
2015-02-04,0.10060369,0.3579467
2015-02-05,0.4315116,0.40535605
2015-02-06,0.24535511,0.35717818
2015-02-09,0.30744612,0.28837463
2015-02-10,0.23985606,0.3182193
2015-02-11,0.08218784,0.057258517
2015-02-12,0.054034766,0.3515026
2015-02-13,0.35036936,0.42351556
2015-02-17,0.17706923,0.24448626
2015-02-18,0.12366612,0.38047874
2015-02-19,0.14616719,0.31415161
2015-02-20,0.15569407,0.064509675
2015-02-23,0.42346662,0.2874091
2015-02-24,0.17156382,0.29273987
2015-02-25,0.4180097,0.32590508
2015-02-26,0.37364098,0.35441825
2015-02-27,0.8057432,0.32805312
2015-03-02,0.18354906,0.352969
2015-03-03,0.15013471,0.34984726
2015-03-04,0.15448353,0.38156536
2015-03-05,0.48666075,0.28899467
2015-03-06,0.20805499,0.33961964
2015-03-09,0.5194629,0.34304813
2015-03-10,0.14471695,0.27225944
2015-03-11,0.049302116,0.28229532
2015-03-12,0.6967211,0.29336134
2015-03-13,0.46662813,0.41833374
2015-03-16,0.18455833,0.28898507
2015-03-17,0.320218,0.19170038
2015-03-18,0.11054741,0.24338041
2015-03-19,0.37674302,0.13183711
2015-03-20,0.5645926,0.24604683
2015-03-23,0.18894796,0.31825116
2015-03-24,0.096156694,0.3195455
2015-03-25,0.45196852,0.40536392
2015-03-26,0.36072353,0.30616534
2015-03-27,0.123087935,0.22501528
2015-03-30,0.13826038,0.1513408
2015-03-31,0.17269683,0.44981992
2015-04-01,0.27931023,0.34503824
2015-04-02,0.16164626,0.3255375
2015-04-06,0.1457818,0.29507628
2015-04-07,0.35557187,0.3294154
2015-04-08,0.56080294,0.30528724
2015-04-09,0.079089195,0.20580335
2015-04-10,0.42114744,0.43983614
2015-04-13,0.55480164,0.38746765
2015-04-14,0.20059165,0.09487136
2015-04-15,0.37425604,0.28009874
2015-04-16,0.27645415,0.23683725
2015-04-17,0.37535423,0.42914182
2015-04-20,0.14084342,0.40670958
2015-04-21,0.1869227,0.15684742
2015-04-22,0.56463075,0.38121128
2015-04-23,0.18480542,0.2840204
2015-04-24,0.15121484,0.28838408
2015-04-27,0.63388836,0.35917222
2015-04-28,0.4775597,0.27242908
2015-04-29,0.14586581,0.22299209
2015-04-30,0.58693105,0.30347705
2015-05-01,0.15103099,0.30279967
2015-05-04,0.15961823,0.22364132
2015-05-05,0.5227879,0.23329964
2015-05-06,0.7440795,0.30997047
2015-05-07,0.4490597,0.25625467
2015-05-08,0.11976794,0.3137289
2015-05-11,0.20502578,0.2240177
2015-05-12,0.59461796,0.39907172
2015-05-13,0.1637428,0.37173057
2015-05-14,0.1198326,0.25525224
2015-05-15,0.08773042,0.30716723
2015-05-18,0.1958871,0.3304001
2015-05-19,0.56434864,0.33653274
2015-05-20,0.076561384,0.21884914
2015-05-21,0.2451651,0.30392322
2015-05-22,0.36503637,0.39592972
2015-05-26,0.02368806,0.25664467
2015-05-27,0.0510043,0.21058589
2015-05-28,0.21938176,0.30520773
2015-05-29,0.38923818,0.40507975
2015-06-01,0.3971084,0.3352386
2015-06-02,0.60178584,0.12099406
2015-06-03,0.50346553,0.3936341
2015-06-04,0.15795438,0.14516778
2015-06-05,0.20830758,0.2579808
2015-06-08,0.59374475,0.35641313
2015-06-09,0.6077969,0.5189394
2015-06-10,0.18844613,0.21307665
2015-06-11,0.23002647,0.3848632
2015-06-12,0.4183699,0.29868323
2015-06-15,0.057658024,0.29121932
2015-06-16,0.6859056,0.29986012
2015-06-17,0.78209835,0.36861554
2015-06-18,0.20179161,0.14096372
2015-06-19,0.22206602,0.26400718
2015-06-22,0.43935364,0.37534508
2015-06-23,0.20118316,0.26899874
2015-06-24,0.6178469,0.24298613
2015-06-25,0.63023686,0.39628315
2015-06-26,0.14799659,0.34400025
2015-06-29,0.18492222,0.2681172
2015-06-30,0.47249907,0.251285
2015-07-01,0.5941086,0.2353662
2015-07-02,0.24103326,0.37201878
2015-07-06,0.33074123,0.3328682
2015-07-07,0.08450062,0.27769828
2015-07-08,0.2417631,0.3853591
2015-07-09,0.17177236,0.26225632
2015-07-10,0.6569208,0.40821302
2015-07-13,0.12599179,0.3192922
2015-07-14,0.2897388,0.16851863
2015-07-15,0.45113164,0.33051196
2015-07-16,0.35094672,0.15543187
2015-07-17,0.22100854,0.31940582
2015-07-20,0.11836834,0.25456345
2015-07-21,0.5038877,0.2731232
2015-07-22,0.37818798,0.36064202
2015-07-23,0.26809895,0.28979397
2015-07-24,0.62125975,0.33291575
2015-07-27,0.11817522,0.36513606
2015-07-28,0.13023335,0.3458546
2015-07-29,0.2702556,0.29316577
2015-07-30,0.25445423,0.35795638
2015-07-31,0.101220414,0.19577785
2015-08-03,0.05941564,0.30068815
2015-08-04,0.41382888,0.3112275
2015-08-05,0.051723093,0.21756275
2015-08-06,0.47077528,0.33205926
2015-08-07,0.12799314,0.24826841
2015-08-10,0.6113074,0.37888005
2015-08-11,0.13011251,0.29454523
2015-08-12,0.0544044,0.26415208
2015-08-13,0.70631194,0.31184217
2015-08-14,0.22252887,0.37934962
2015-08-17,0.2954578,0.27639586
2015-08-18,0.68939537,0.27595192
2015-08-19,0.5611936,0.27272302
2015-08-20,0.0480167,0.31770676
2015-08-21,0.22368181,0.3246566
2015-08-24,0.02137646,0.12565432
2015-08-25,0.2731908,0.31886062
2015-08-26,0.17011282,0.33608773
2015-08-27,0.4450186,0.24079484
2015-08-28,0.21489973,0.2264984
2015-08-31,0.2441404,0.36040336
2015-09-01,0.7482872,0.29151884
2015-09-02,0.35095522,0.25962234
2015-09-03,0.1370183,0.25087833
2015-09-04,0.4367071,0.3354742
2015-09-08,0.10030889,0.29078278
2015-09-09,0.010919217,0.34375507
2015-09-10,0.19808291,0.31212127
2015-09-11,0.27616957,0.20765752
2015-09-14,0.43879578,0.24581271
2015-09-15,0.0601831,0.20302597
2015-09-16,0.18600535,0.15384589
2015-09-17,0.0701374,0.22112003
2015-09-18,0.15081301,0.36501327
2015-09-21,0.046073496,0.18226583
2015-09-22,0.2660792,0.21515828
2015-09-23,0.3548101,0.2531956
2015-09-24,0.3869208,0.3547653
2015-09-25,0.31443176,0.27900428
2015-09-28,0.48140383,0.36951497
2015-09-29,0.52760035,0.20743614
2015-09-30,0.3739004,0.3029355
2015-10-01,0.29679638,0.33554828
2015-10-02,0.3391492,0.38035288
2015-10-05,0.18596905,0.32217652
2015-10-06,0.7800404,0.28254834
2015-10-07,0.3683063,0.29423574
2015-10-08,0.40670016,0.20464697
2015-10-09,0.21825932,0.21879774
2015-10-12,0.4683482,0.23779957
2015-10-13,0.21506451,0.25042972
2015-10-14,0.66625494,0.31069297
2015-10-15,0.23544551,0.2601816
2015-10-16,0.47717187,0.3529054
2015-10-19,0.19227934,0.17491798
2015-10-20,0.24931043,0.36823326
2015-10-21,0.36758184,0.35310593
2015-10-22,0.18205382,0.37080726
2015-10-23,0.13240619,0.21490648
2015-10-26,0.07223901,0.22321992
2015-10-27,0.38773558,0.33309743
2015-10-28,0.17946434,0.17895144
2015-10-29,0.6808013,0.30717698
2015-10-30,0.23771316,0.35886532
2015-11-02,0.33679774,0.1691012
2015-11-03,0.27159658,0.18933314
2015-11-04,0.38749537,0.30697653
2015-11-05,0.75900966,0.42177728
2015-11-06,0.2142422,0.38579494
2015-11-09,0.3802168,0.3580566
2015-11-10,0.19451602,0.20193931
2015-11-11,0.3176374,0.3291348
2015-11-12,0.26544204,0.30823907
2015-11-13,0.23559657,0.37581688
2015-11-16,0.3273579,0.37535876
2015-11-17,0.49741226,0.2637933
2015-11-18,0.09810276,0.24117701
2015-11-19,0.63211554,0.30219212
2015-11-20,0.43936205,0.22709125
2015-11-23,0.13330548,0.3028717
2015-11-24,0.6189771,0.37213707
2015-11-25,0.24875754,0.4618094
2015-11-27,0.068780296,0.22967425
2015-11-30,0.2170031,0.26439592
2015-12-01,0.7055292,0.41952968
2015-12-02,0.74596244,0.38757974
2015-12-03,0.45767796,0.31949368
2015-12-04,0.6173597,0.003051858
2015-12-07,0.2549278,0.28983337
2015-12-08,0.4062004,0.25833008
2015-12-09,0.44880572,0.3800013
2015-12-10,0.056985356,0.18961479
2015-12-11,0.74575526,0.5103043
2015-12-14,0.03870747,0.2583069
2015-12-15,0.06946254,0.14819041
2015-12-16,0.19032574,0.26108742
2015-12-17,0.23367974,0.38574433
2015-12-18,0.0920191,0.3231004
2015-12-21,0.18366206,0.23430982
2015-12-22,0.13574184,0.3261581
2015-12-23,0.20698598,0.40175217
2015-12-24,0.20541857,0.36442086
2015-12-28,0.032978192,0.23254189
2015-12-29,0.37187254,0.32194984
2015-12-30,0.2798749,0.15151386
2015-12-31,0.36823115,0.36780852
2016-01-04,0.06909012,0.23387676
2016-01-05,0.06865647,0.21142206
2016-01-06,0.10193161,0.23701383
2016-01-07,0.49181932,0.23807377
2016-01-08,0.5108461,0.2992458
2016-01-11,0.060731553,0.3694989
2016-01-12,0.052561104,0.38518596
2016-01-13,0.36159325,0.29640746
2016-01-14,0.15006712,0.15935566
2016-01-15,0.06577828,0.31720918
2016-01-19,0.75635016,0.42128837
2016-01-20,0.41453087,0.35437095
2016-01-21,0.36556536,0.21298274
2016-01-22,0.22029081,0.23636252
2016-01-25,0.081967875,0.2611035
2016-01-26,0.21482624,0.31036633
2016-01-27,0.14978696,0.280852
2016-01-28,0.3690984,0.33642563
2016-01-29,0.21527022,0.27702987
2016-02-01,0.17771006,0.22156793
2016-02-02,0.45370325,0.30658358
2016-02-03,0.58406055,0.24373858
2016-02-04,0.5532251,0.19023131
2016-02-05,0.43161473,0.32423007
2016-02-08,0.04810889,0.26355457
2016-02-09,0.07911876,0.3083568
2016-02-10,0.19270888,0.28321993
2016-02-11,0.2652232,0.23895484
2016-02-12,0.5026105,0.2333943
2016-02-16,0.17192475,0.18953985
2016-02-17,0.7491506,0.23646758
2016-02-18,0.04595747,0.30697942
2016-02-19,0.1303328,0.30367014
2016-02-22,0.51593614,0.28502953
2016-02-23,0.3692481,0.21894187
2016-02-24,0.062345028,0.26834592
2016-02-25,0.09358783,0.17992625
2016-02-26,0.15147638,0.3268788
2016-02-29,0.06552694,0.22769995
2016-03-01,0.32810852,0.38954857
2016-03-02,0.34141338,0.2607489
2016-03-03,0.04420913,0.2126301
2016-03-04,0.21791951,0.20127119
2016-03-07,0.018016292,0.08635977
2016-03-08,0.19452137,0.32766828
2016-03-09,0.034388572,0.11895592
2016-03-10,0.07263673,0.20852757
2016-03-11,0.06797749,0.2746356
2016-03-14,0.52641785,0.26184133
2016-03-15,0.44712415,0.41666612
2016-03-16,0.20531915,0.37055448
2016-03-17,0.5097035,0.35634503
2016-03-18,0.089759864,0.2732774
2016-03-21,0.62333035,0.33310756
2016-03-22,0.29656217,0.15568385
2016-03-23,0.29116732,0.3771478
2016-03-24,0.55638033,0.35241792
2016-03-28,0.13772757,0.33601555
2016-03-29,0.07378222,0.21779379
2016-03-30,0.44264746,0.30933297
2016-03-31,0.25773528,0.35242888
2016-04-01,0.11191021,0.36585408
2016-04-04,0.21774642,0.37007388
2016-04-05,0.06677358,0.357576
2016-04-06,0.1518225,0.37442288
2016-04-07,0.54781824,0.4219753
2016-04-08,0.10260248,0.27371573
2016-04-11,0.58211035,0.3941666
2016-04-12,0.21710435,0.39136228
2016-04-13,0.07072422,0.18190022
2016-04-14,0.5289558,0.3203054
2016-04-15,0.13411245,0.27085692
2016-04-18,0.05279564,0.2125307
2016-04-19,0.6192878,0.1852338
2016-04-20,0.06315517,0.42874804
2016-04-21,0.47928745,0.42126986
2016-04-22,0.60627055,0.3182022
2016-04-25,0.09926999,0.10996838
2016-04-26,0.31169128,0.19013785
2016-04-27,0.048341267,0.2908415
2016-04-28,0.35842007,0.35018516
2016-04-29,0.11967725,0.343077
2016-05-02,0.051967062,0.20940977
2016-05-03,0.4537953,0.23518051
2016-05-04,0.06768627,0.18246694
2016-05-05,0.29383963,0.3175305
2016-05-06,0.44994864,0.21580452
2016-05-09,0.40672806,0.4913673
2016-05-10,0.43134582,0.35295558
2016-05-11,0.30483532,0.35295442
2016-05-12,0.047360197,0.27179405
2016-05-13,0.46950945,0.20860597
2016-05-16,0.53486323,0.27818862
2016-05-17,0.77325237,0.41344488
2016-05-18,0.08288473,0.21054277
2016-05-19,0.09594309,0.24782501
2016-05-20,0.108399644,0.30524358
2016-05-23,0.39708388,0.2367824
2016-05-24,0.09321043,0.10174584
2016-05-25,0.5200067,0.3603779
2016-05-26,0.64852685,0.44469178
2016-05-27,0.14424048,0.32695433
2016-05-31,0.23773827,0.25967416
2016-06-01,0.09112391,0.14678705
2016-06-02,0.37689507,0.33519325
2016-06-03,0.473436,0.30747977
2016-06-06,0.47486755,0.3896973
2016-06-07,0.7588438,0.42713884
2016-06-08,0.056685872,0.23734112
2016-06-09,0.53618765,0.33344558
2016-06-10,0.15846379,0.18048829
2016-06-13,0.33234102,0.34414446
2016-06-14,0.45997447,0.2912927
2016-06-15,0.042718973,0.23003606
2016-06-16,0.5594834,0.32748273
2016-06-17,0.19911602,0.22826664
2016-06-20,0.05038178,0.27040043
2016-06-21,0.1413121,0.21173565
2016-06-22,0.05819307,0.20372723
2016-06-23,0.3426497,0.38872346
2016-06-24,0.021171119,0.3839475
2016-06-27,0.09168002,0.30067834
2016-06-28,0.092636436,0.22887777
2016-06-29,0.27544686,0.23647061
2016-06-30,0.5569081,0.35703743
2016-07-01,0.2289047,0.14143278
